first_name,last_name,email,phone
Walter,Cook,wcook0@pbs.org,382-(944)787-3470
Amanda,Martinez,amartinez1@wix.com,359-(308)208-0158
Marilyn,Boyd,mboyd2@amazon.com,355-(684)260-5561
Ann,Gutierrez,agutierrez3@ifeng.com,218-(255)241-1829
Andrea,Ryan,aryan4@auda.org.au,7-(604)186-0806
Angela,Baker,abaker5@google.es,66-(250)514-6488
Ashley,Moreno,amoreno6@ed.gov,57-(491)578-9619
Steve,Black,sblack7@kickstarter.com,46-(407)974-4838
Marie,Green,mgreen8@cdbaby.com,242-(863)516-9132
Daniel,Collins,dcollins9@wiley.com,86-(740)859-9580
Kathleen,Ortiz,kortiza@paypal.com,62-(471)845-8018
Irene,Howell,ihowellb@ehow.com,52-(145)710-4234
Gloria,Perez,gperezc@blogspot.com,358-(575)145-6710
Ann,Ruiz,aruizd@qq.com,82-(865)335-1874
Melissa,Harper,mharpere@nba.com,86-(793)331-1491
Melissa,Bennett,mbennettf@thetimes.co.uk,54-(356)302-4644
Sara,Hart,shartg@lycos.com,237-(783)563-1237
Eric,Morrison,emorrisonh@miitbeian.gov.cn,33-(311)534-9875
Maria,Montgomery,mmontgomeryi@youtube.com,233-(610)732-5260
Steven,Ward,swardj@nytimes.com,86-(830)466-4016
